mean_fit_time,std_fit_time,mean_score_time,std_score_time,param_learning_rate,param_max_depth,param_min_samples_split,param_n_estimators,params,split0_test_score,split1_test_score,split2_test_score,split3_test_score,split4_test_score,mean_test_score,std_test_score,rank_test_score,split0_train_score,split1_train_score,split2_train_score,split3_train_score,split4_train_score,mean_train_score,std_train_score
0.1018946647644043,0.010711426374697542,0.0027584552764892576,0.0002528947754958364,0.03,2,2,50,"{'learning_rate': 0.03, 'max_depth': 2, 'min_samples_split': 2, 'n_estimators': 50}",0.8042453994318233,0.7664609826566218,0.7009411163724715,0.816842200538096,0.7309968083554781,0.7638973014708981,0.04355141213992348,79,0.7881717988758703,0.7852593664002429,0.7871365420549808,0.7807870540801443,0.7903723683286858,0.7863454259479847,0.003232732307704751
0.20928235054016114,0.014527940637827688,0.0030286312103271484,7.28300664250336e-05,0.03,2,2,100,"{'learning_rate': 0.03, 'max_depth': 2, 'min_samples_split': 2, 'n_estimators': 100}",0.8909946899655465,0.8723112970360676,0.8401622006065285,0.9028899649478702,0.8345175720922011,0.8681751449296428,0.027057403340855306,67,0.8977220907645608,0.8966338404715396,0.8973826891926897,0.8957028412682049,0.9005934915254205,0.8976069906444831,0.001646545037163504
0.29563198089599607,0.00768336397212025,0.00393528938293457,0.0025233971575775566,0.03,2,2,150,"{'learning_rate': 0.03, 'max_depth': 2, 'min_samples_split': 2, 'n_estimators': 150}",0.9181549713472315,0.9056721153316277,0.8838646187757067,0.9298644286857953,0.8679650538341621,0.9011042375949045,0.022512892206264578,62,0.9339973832413317,0.932379150092532,0.9350621837415184,0.9338683621732506,0.9371498597976737,0.9344913878092613,0.0015803183816997285
0.10367035865783691,0.00530287743936228,0.0024890899658203125,0.00033961649968364304,0.03,2,5,50,"{'learning_rate': 0.03, 'max_depth': 2, 'min_samples_split': 5, 'n_estimators': 50}",0.8042453994318233,0.7664609826566218,0.7009411163724715,0.816842200538096,0.7309968083554781,0.7638973014708981,0.04355141213992348,79,0.7881717988758703,0.7852593664002429,0.7871365420549808,0.7807870540801443,0.7903723683286858,0.7863454259479847,0.003232732307704751
0.19454197883605956,0.010189256173183376,0.0026433467864990234,0.00042363054193308503,0.03,2,5,100,"{'learning_rate': 0.03, 'max_depth': 2, 'min_samples_split': 5, 'n_estimators': 100}",0.8909946899655465,0.8723112970360676,0.8401622006065285,0.9028899649478702,0.8345175720922011,0.8681751449296428,0.027057403340855306,67,0.8977220907645608,0.8966338404715396,0.8973826891926897,0.8957028412682049,0.9005934915254205,0.8976069906444831,0.001646545037163504
0.3114486217498779,0.028140952521515453,0.004195213317871094,0.002769279325621718,0.03,2,5,150,"{'learning_rate': 0.03, 'max_depth': 2, 'min_samples_split': 5, 'n_estimators': 150}",0.918118292182525,0.9056721153316277,0.8838646187757067,0.9298644286857953,0.8679650538341621,0.9010969017619633,0.022507340315550423,63,0.9340417140861631,0.932379150092532,0.9350621837415184,0.9338683621732506,0.9371498597976737,0.9345002539782274,0.0015776440559923067
0.09652595520019532,0.005981927272282061,0.0023618221282958986,0.00029041236198181517,0.03,2,10,50,"{'learning_rate': 0.03, 'max_depth': 2, 'min_samples_split': 10, 'n_estimators': 50}",0.8042453994318233,0.7664609826566218,0.7009411163724715,0.816842200538096,0.7309968083554781,0.7638973014708981,0.04355141213992348,79,0.7881717988758703,0.7852593664002429,0.7871365420549808,0.7807870540801443,0.7903723683286858,0.7863454259479847,0.003232732307704751
0.1924619197845459,0.011634518405668988,0.004285430908203125,0.0030716651826824585,0.03,2,10,100,"{'learning_rate': 0.03, 'max_depth': 2, 'min_samples_split': 10, 'n_estimators': 100}",0.8909946899655465,0.8723112970360676,0.8401622006065285,0.9028899649478702,0.8345175720922011,0.8681751449296428,0.027057403340855306,67,0.8977220907645608,0.8966338404715396,0.8973826891926897,0.8957028412682049,0.9005934915254205,0.8976069906444831,0.001646545037163504
0.2966315746307373,0.01122122812646344,0.0031136989593505858,0.001776555479953666,0.03,2,10,150,"{'learning_rate': 0.03, 'max_depth': 2, 'min_samples_split': 10, 'n_estimators': 150}",0.9182530905669608,0.9056721153316277,0.8838646187757067,0.9298644286857953,0.8680565841500676,0.9011421675020316,0.022500852955883343,61,0.9339997222428167,0.932379150092532,0.9350621837415184,0.9338683621732506,0.9371043204076903,0.9344827477315617,0.001564883104249544
0.12819485664367675,0.00940384619211044,0.0026177883148193358,2.924236675705174e-05,0.03,3,2,50,"{'learning_rate': 0.03, 'max_depth': 3, 'min_samples_split': 2, 'n_estimators': 50}",0.8496200474280149,0.8393511338552803,0.7803609065637988,0.8493934270197144,0.7817247412694537,0.8200900512272524,0.03209984347719662,78,0.8583444165886316,0.8578058295308642,0.8586365227333667,0.8558169953092774,0.8600186143705669,0.8581244757065413,0.0013656008638605343
0.25039424896240237,0.0160358784864046,0.002487039566040039,0.0003972834994502608,0.03,3,2,100,"{'learning_rate': 0.03, 'max_depth': 3, 'min_samples_split': 2, 'n_estimators': 100}",0.9227567430453018,0.9092540244973153,0.8872694689969961,0.9254572326058357,0.8688625844294405,0.902720010714978,0.021661901079815755,59,0.9474416542268272,0.9456827336663629,0.9473296030923224,0.9456185353941537,0.9478474482122817,0.9467839949183896,0.0009415104037210037
0.3787588596343994,0.020005378949193214,0.002779436111450195,0.0003198126735541719,0.03,3,2,150,"{'learning_rate': 0.03, 'max_depth': 3, 'min_samples_split': 2, 'n_estimators': 150}",0.9396470210066132,0.9297548581159856,0.9095669914224471,0.9401517765244408,0.8882039537749794,0.9214649201688931,0.01998180700740102,41,0.9669214035378808,0.9656793371279586,0.9688992744976377,0.9668444150684484,0.9680679154867822,0.9672824691437416,0.0011066415422193267
0.12380280494689941,0.007935032659996167,0.0024057865142822266,0.0002859233296461343,0.03,3,5,50,"{'learning_rate': 0.03, 'max_depth': 3, 'min_samples_split': 5, 'n_estimators': 50}",0.8522061250113291,0.8412672828764168,0.7761427253993203,0.8501876771042419,0.7813035158001901,0.8202214652382998,0.03412172577320072,77,0.8574314531346372,0.8576147496522839,0.8583436994659849,0.8558065702036064,0.8596583458565378,0.85777096366261,0.001256085166206954
0.2801796913146973,0.01932119313060924,0.0027431964874267576,0.0005892460345484425,0.03,3,5,100,"{'learning_rate': 0.03, 'max_depth': 3, 'min_samples_split': 5, 'n_estimators': 100}",0.9237889709017686,0.9114547669453497,0.8841055404720438,0.9252296168231049,0.8662305230425271,0.9021618836369589,0.02325211001499237,60,0.9466662969649716,0.9456394060324057,0.9471870839138096,0.9457261022200099,0.9475189595341211,0.9465475697330635,0.0007571318076485311
0.4139050006866455,0.02292728456084876,0.0031924724578857424,0.000812587537354263,0.03,3,5,150,"{'learning_rate': 0.03, 'max_depth': 3, 'min_samples_split': 5, 'n_estimators': 150}",0.9393372132004202,0.9304730291480464,0.9081273358336,0.9401398809610929,0.8868320482594105,0.920981901480514,0.02061785383355087,42,0.9664890881698942,0.9655329496619572,0.9684415089628245,0.9667692501923598,0.9682990666950384,0.967106372736415,0.0011113468980492997
0.13477015495300293,0.011727115417052746,0.0025892734527587892,0.00024449508052090283,0.03,3,10,50,"{'learning_rate': 0.03, 'max_depth': 3, 'min_samples_split': 10, 'n_estimators': 50}",0.8522061250113291,0.8479305943649553,0.7824769741133892,0.8520758076006832,0.7813035158001901,0.8231986033781095,0.03376521898736099,76,0.8574314531346372,0.8529133793915129,0.8576637642470446,0.8511955970389153,0.8596583458565378,0.8557725079337295,0.0031796671317793623
0.27246546745300293,0.0263264439304741,0.0031577110290527343,0.0008079020971191348,0.03,3,10,100,"{'learning_rate': 0.03, 'max_depth': 3, 'min_samples_split': 10, 'n_estimators': 100}",0.9237644300453655,0.9219821126944914,0.8881309104783027,0.9280484495288923,0.8662238133616137,0.9056299432217332,0.024322424638077034,57,0.9464210611728697,0.9424049643826311,0.9468232190679328,0.9436918621603317,0.9474592843709626,0.9453600782309456,0.0019590188893909635
0.39612727165222167,0.027175001845934684,0.002845573425292969,0.0010915338995513603,0.03,3,10,150,"{'learning_rate': 0.03, 'max_depth': 3, 'min_samples_split': 10, 'n_estimators': 150}",0.9394575101950065,0.9392313068389386,0.9107956817912615,0.9431426103048524,0.8852059600437691,0.9235666138347657,0.022431046771723563,26,0.9661327956168178,0.9636074014219769,0.9681641965484318,0.9649159979336731,0.9678166976293545,0.9661274178300507,0.0017216377999380314
0.16125388145446778,0.0161993537838684,0.0025147914886474608,0.0003201014413461771,0.03,4,2,50,"{'learning_rate': 0.03, 'max_depth': 4, 'min_samples_split': 2, 'n_estimators': 50}",0.877261918129592,0.8750820630512492,0.8088538512787056,0.8681478351065408,0.8190797367840555,0.8496850808700286,0.029496570470858713,71,0.895660141347497,0.8934071822461604,0.8955063563602678,0.8910332270255237,0.8941416687332904,0.8939497151425477,0.0016843859857340372
0.32426724433898924,0.02160899591273464,0.004247617721557617,0.00308198646200958,0.03,4,2,100,"{'learning_rate': 0.03, 'max_depth': 4, 'min_samples_split': 2, 'n_estimators': 100}",0.9262045802601064,0.9212899460469861,0.900600582107303,0.9331166409965488,0.8947612665013114,0.9151946031824512,0.014900194215937981,46,0.9676974800878626,0.9657290183539553,0.9679334626634419,0.9647433274310979,0.9671704711596479,0.966654751939201,0.0012246530728061223
0.5252501964569092,0.02126182728101801,0.0026272296905517577,0.0004198319684892209,0.03,4,2,150,"{'learning_rate': 0.03, 'max_depth': 4, 'min_samples_split': 2, 'n_estimators': 150}",0.9321611163890884,0.9281343565878166,0.9147531148598903,0.9397308044013417,0.9056583046543268,0.9240875393784928,0.012272239318548811,21,0.9806207745899054,0.9796802263682544,0.9808997823845269,0.9790752836416483,0.9808863005577048,0.9802324735084079,0.0007304291845169396
0.15569705963134767,0.010625771192729283,0.0032682418823242188,0.000975234042658974,0.03,4,5,50,"{'learning_rate': 0.03, 'max_depth': 4, 'min_samples_split': 5, 'n_estimators': 50}",0.8792521280071656,0.8802444723063718,0.8102907521052614,0.8708846461505927,0.8202445477079363,0.8521833092554656,0.030479372223915748,70,0.894445724155827,0.8926463011456767,0.8946056208013031,0.8909604352930192,0.8936826881615794,0.8932681539114811,0.0013460753389449
0.3226142406463623,0.013926196693591393,0.0032404422760009765,0.0007246066407321743,0.03,4,5,100,"{'learning_rate': 0.03, 'max_depth': 4, 'min_samples_split': 5, 'n_estimators': 100}",0.9245125012180802,0.9279797278341662,0.8984958210988852,0.9327476669509747,0.8888193721967905,0.9145110178597793,0.0174960473935037,47,0.9673926053149596,0.9655700563663147,0.9677920806775283,0.9648345655895334,0.9670421233118973,0.9665262862520467,0.0011309400084004056
0.4846811771392822,0.020324840075362414,0.002812623977661133,0.00033461471273381116,0.03,4,5,150,"{'learning_rate': 0.03, 'max_depth': 4, 'min_samples_split': 5, 'n_estimators': 150}",0.9288720105288308,0.9342321347054902,0.9126555714393169,0.939131613458066,0.8974357215865093,0.9224654103436425,0.015362167249444674,38,0.9803838192867381,0.9794291125861926,0.9806964476219749,0.9787107032128751,0.9806664535503804,0.9799773072516322,0.0007825778824159542
0.1528337001800537,0.0063626824784288535,0.00316009521484375,0.001060696446308588,0.03,4,10,50,"{'learning_rate': 0.03, 'max_depth': 4, 'min_samples_split': 10, 'n_estimators': 50}",0.8700944813923929,0.8767162437126247,0.8023009708864736,0.8734764499663122,0.812461255916064,0.8470098803747735,0.03258324775853016,75,0.8916110381708459,0.8865312811252735,0.8937709839949227,0.8855508159984367,0.8926594398214264,0.8900247118221809,0.0033380407421883815
0.30048260688781736,0.022846019430158054,0.0027913570404052733,0.0003870355767864515,0.03,4,10,100,"{'learning_rate': 0.03, 'max_depth': 4, 'min_samples_split': 10, 'n_estimators': 100}",0.9320531815145993,0.9307806422492887,0.8898595688959646,0.9379321165373306,0.8799177036115833,0.9141086425617532,0.024184945085815233,48,0.9662244462359468,0.9627268374336149,0.9672454660733419,0.9627262300334672,0.9665880365680883,0.9651022032688917,0.001967146003015533
0.4575364112854004,0.061202547599515635,0.0032839298248291014,0.0007003238918806267,0.03,4,10,150,"{'learning_rate': 0.03, 'max_depth': 4, 'min_samples_split': 10, 'n_estimators': 150}",0.9394219121676106,0.9381291220439358,0.9033908863729886,0.9451205838406589,0.8895012215402788,0.9231127451930945,0.022336121868625,31,0.9797267295330544,0.9778161996096311,0.9804330289900929,0.9772407667239433,0.9804045272090377,0.9791242504131518,0.0013396640503923346
0.09478511810302734,0.0057813713018094685,0.0023760318756103514,0.00046503958899477644,0.05,2,2,50,"{'learning_rate': 0.05, 'max_depth': 2, 'min_samples_split': 2, 'n_estimators': 50}",0.8752356301286804,0.8519394072490674,0.8101566214575653,0.8861202772801096,0.8128432175190214,0.8472590307268888,0.031227646387440414,72,0.8764437228327372,0.8747239411755431,0.8748992377435812,0.8731844112069527,0.8783995206347586,0.8755301667187145,0.0017673944997125804
0.23242316246032715,0.026567449285135117,0.002311897277832031,0.0002672787926695643,0.05,2,2,100,"{'learning_rate': 0.05, 'max_depth': 2, 'min_samples_split': 2, 'n_estimators': 100}",0.9230187901450957,0.9141591082381559,0.8891199165891169,0.9340953226198491,0.8718342796810613,0.9064454834546558,0.0227894659950013,54,0.9412930574957882,0.9390465589721241,0.942755975376669,0.9409650106415752,0.9438871772367126,0.9415895559445738,0.0016482960693502229
0.2828954219818115,0.024229951043390985,0.002645111083984375,0.0002612563157636069,0.05,2,2,150,"{'learning_rate': 0.05, 'max_depth': 2, 'min_samples_split': 2, 'n_estimators': 150}",0.9297851029027322,0.9315895867329015,0.9057606624372195,0.9455140399858583,0.8851717313917881,0.9195642246900999,0.0214282548226656,43,0.9580951490631854,0.9547975331442818,0.9606123136160738,0.9579718818360023,0.9605371586037207,0.9584028072526529,0.002131465492685957
0.09594254493713379,0.011292815505190443,0.00691065788269043,0.009342655808700126,0.05,2,5,50,"{'learning_rate': 0.05, 'max_depth': 2, 'min_samples_split': 5, 'n_estimators': 50}",0.8752356301286804,0.8519394072490674,0.8101566214575653,0.8861202772801096,0.8128432175190214,0.8472590307268888,0.031227646387440414,72,0.8764437228327372,0.8747239411755431,0.8748992377435812,0.8731844112069527,0.8783995206347586,0.8755301667187145,0.0017673944997125804
0.1710845947265625,0.01490525695618886,0.0024566173553466795,0.00019194477898908633,0.05,2,5,100,"{'learning_rate': 0.05, 'max_depth': 2, 'min_samples_split': 5, 'n_estimators': 100}",0.9229653881425594,0.9141591082381559,0.8891199165891169,0.9340953226198491,0.8718342796810613,0.9064348030541487,0.022781707519735503,55,0.9412383286015877,0.9390465589721241,0.942755975376669,0.9409650106415752,0.9438871772367126,0.9415786101657337,0.0016504090357928646
0.27736597061157225,0.01735840455331482,0.0023104667663574217,0.00035422060685921347,0.05,2,5,150,"{'learning_rate': 0.05, 'max_depth': 2, 'min_samples_split': 5, 'n_estimators': 150}",0.9297601536377632,0.9313829087546304,0.9057606624372195,0.9455140399858583,0.885353983989344,0.9195543497609631,0.021344364999262143,44,0.9577468750271707,0.9550753356584616,0.9606123136160738,0.9579718818360023,0.9605181550715675,0.9583849122418553,0.0020514884653450196
0.09337754249572754,0.007013377916461363,0.003766965866088867,0.00281828637451669,0.05,2,10,50,"{'learning_rate': 0.05, 'max_depth': 2, 'min_samples_split': 10, 'n_estimators': 50}",0.8752356301286804,0.8519394072490674,0.8101566214575653,0.8861202772801096,0.8128432175190214,0.8472590307268888,0.031227646387440414,72,0.8764437228327372,0.8747239411755431,0.8748992377435812,0.8731844112069527,0.8783995206347586,0.8755301667187145,0.0017673944997125804
0.17046947479248048,0.005709048660316561,0.002628517150878906,0.00012748296492132874,0.05,2,10,100,"{'learning_rate': 0.05, 'max_depth': 2, 'min_samples_split': 10, 'n_estimators': 100}",0.9231530750959818,0.9141591082381559,0.8891199165891169,0.9340953226198491,0.872282405284719,0.9065619655655646,0.02267324665089519,52,0.9411192783133718,0.9390465589721241,0.942755975376669,0.9409650106415752,0.9438187365920282,0.9415411119791537,0.0016368321874536379
0.28354830741882325,0.022835231888949738,0.0022686004638671877,0.0003382835984290481,0.05,2,10,150,"{'learning_rate': 0.05, 'max_depth': 2, 'min_samples_split': 10, 'n_estimators': 150}",0.9302354893699294,0.9306139251139475,0.9058434477070931,0.9455140399858583,0.8847462236472472,0.9193906251648152,0.02149310083198482,45,0.9577513818543956,0.9538391379127854,0.9604314614729814,0.9579718818360023,0.9605462939640765,0.9581080314080481,0.0024377300442317766
0.11622638702392578,0.00863323893666991,0.0024495601654052736,0.0002816106114556316,0.05,3,2,50,"{'learning_rate': 0.05, 'max_depth': 3, 'min_samples_split': 2, 'n_estimators': 50}",0.912927435212918,0.9018905929616916,0.8694850625225605,0.9126055233054464,0.8567002106853153,0.8907217649375865,0.02326025397675724,65,0.9329228673574683,0.9313865246217312,0.9327960531398134,0.9310602974812306,0.9328017032735992,0.9321934891747686,0.0008000394314716566
0.2368741512298584,0.024010265877116663,0.0026535987854003906,0.00014687172766458538,0.05,3,2,100,"{'learning_rate': 0.05, 'max_depth': 3, 'min_samples_split': 2, 'n_estimators': 100}",0.9399740568558718,0.9315497822706612,0.9113975497818723,0.9408177211816615,0.8911592212278899,0.9229796662635913,0.0191161635675358,34,0.9699834086889269,0.9694241561274834,0.9717768167472813,0.9703045075009725,0.9715544377948482,0.9706086653719023,0.000910558421186973
0.3679324150085449,0.03852111769696364,0.0027437686920166017,0.0003014523407228318,0.05,3,2,150,"{'learning_rate': 0.05, 'max_depth': 3, 'min_samples_split': 2, 'n_estimators': 150}",0.9408793545208832,0.9341314184792974,0.9178895189158965,0.9438015678476321,0.895256258828677,0.9263916237184773,0.017969984163699028,4,0.977930921674681,0.9771105819103898,0.9791397185341403,0.9786151715835855,0.9793764381852499,0.9784345663776094,0.0008274748530971067
0.118858003616333,0.011256533179143227,0.0024180889129638674,0.00027723237743874294,0.05,3,5,50,"{'learning_rate': 0.05, 'max_depth': 3, 'min_samples_split': 5, 'n_estimators': 50}",0.9135030445998569,0.897995719889395,0.8674602220607318,0.9126234887694985,0.856143685926182,0.8895452322491328,0.023585607517282822,66,0.9321237860403033,0.9313425718932997,0.9325837461576221,0.931065124936011,0.9324724712140178,0.9319175400482507,0.0006085255115315133
0.2611249446868896,0.02543981477098388,0.0049457550048828125,0.004341127803329226,0.05,3,5,100,"{'learning_rate': 0.05, 'max_depth': 3, 'min_samples_split': 5, 'n_estimators': 100}",0.9389672061931895,0.9273952375451401,0.9108511030483828,0.9416194481949913,0.8897201467024133,0.9217106283368235,0.01932762568967486,40,0.9702629849753606,0.9689852280430958,0.9717285582396038,0.9701465451530485,0.9714558701278622,0.9705158373077941,0.0009896897978668227
0.34389386177062986,0.030427207001963854,0.002899503707885742,8.909030786411445e-05,0.05,3,5,150,"{'learning_rate': 0.05, 'max_depth': 3, 'min_samples_split': 5, 'n_estimators': 150}",0.9403633355583615,0.9281936356233397,0.9170191611109741,0.9434271137612349,0.8938553693502621,0.9245717230808344,0.01799196827268602,14,0.977810652116005,0.9769880524863315,0.9788284726278014,0.97751029927547,0.9787167361726938,0.9779708425356602,0.0007064735011065686
0.13157529830932618,0.013940865292556887,0.0023798465728759764,0.0002822741621273972,0.05,3,10,50,"{'learning_rate': 0.05, 'max_depth': 3, 'min_samples_split': 10, 'n_estimators': 50}",0.9135030445998569,0.909211261118274,0.8722985478202517,0.9164585220890105,0.856143685926182,0.893523012310715,0.024572555355850553,64,0.9321237860403033,0.9281626277611081,0.9318296654629242,0.9282413798569199,0.9324724712140178,0.9305659860670547,0.0019410428726202313
0.24318900108337402,0.019786903647316882,0.0024168968200683595,0.00039670803746227364,0.05,3,10,100,"{'learning_rate': 0.05, 'max_depth': 3, 'min_samples_split': 10, 'n_estimators': 100}",0.9399046066500295,0.9393687894453591,0.9138546834948379,0.9456604187476907,0.8890679785074598,0.9255712953690753,0.02130332682420317,7,0.9694174997377749,0.9665693081105323,0.9713374165707396,0.9683079504682505,0.9712443168930496,0.9693752983560694,0.0018087416569656715
0.35338807106018066,0.028288621103156563,0.002639007568359375,0.00029363980652047817,0.05,3,10,150,"{'learning_rate': 0.05, 'max_depth': 3, 'min_samples_split': 10, 'n_estimators': 150}",0.940669149195155,0.9428288610302078,0.9204569025639668,0.947279146178627,0.8923259367359299,0.9287119991407773,0.020391617557100315,1,0.9772701796865664,0.9744147767280078,0.9786448364948354,0.9772296849481528,0.9784300374138286,0.9771979030542782,0.00150756741870603
0.14728693962097167,0.012102524526343297,0.0027318477630615236,0.00018548446932412175,0.05,4,2,50,"{'learning_rate': 0.05, 'max_depth': 4, 'min_samples_split': 2, 'n_estimators': 50}",0.9239904339146833,0.913550483167319,0.8843323387337638,0.926758213196617,0.8781326444049256,0.9053528226834618,0.020275856498950806,58,0.9574660553808119,0.9550939505686186,0.9574922990750596,0.9538717921112034,0.9565629243827597,0.9560974043036905,0.0014139246916220023
0.29926190376281736,0.031858397780733815,0.00272984504699707,0.00025565709505523295,0.05,4,2,100,"{'learning_rate': 0.05, 'max_depth': 4, 'min_samples_split': 2, 'n_estimators': 100}",0.9346717616950622,0.9274743633675752,0.9155135912701787,0.9416694127686401,0.9014217002114697,0.9241501658625852,0.014281819573245076,20,0.9823889311814861,0.9812203204972783,0.9831414859740092,0.9812749333121417,0.9830538158081347,0.98221589735461,0.0008325081309434471
0.44666247367858886,0.03076972353822057,0.002926492691040039,0.00024368061186756052,0.05,4,2,150,"{'learning_rate': 0.05, 'max_depth': 4, 'min_samples_split': 2, 'n_estimators': 150}",0.9348246153081226,0.9272751791351983,0.9171898114608682,0.9418625277284276,0.9012984528044877,0.9244901172874208,0.014195117681912846,16,0.9877741309492633,0.9865654257595831,0.9880196016853813,0.987183482757188,0.988750998786959,0.987658727987675,0.0007426669454418393
0.1518639087677002,0.01618594812347487,0.002462148666381836,0.00027739904855969826,0.05,4,5,50,"{'learning_rate': 0.05, 'max_depth': 4, 'min_samples_split': 5, 'n_estimators': 50}",0.9216843097229872,0.9230899970691864,0.8858754631933577,0.9249636980003783,0.8767953874199096,0.9064817710811639,0.020757809489070782,53,0.9569580301685934,0.9548830820492878,0.9568074279659677,0.9538452336991975,0.9564170155376139,0.955782157884132,0.001216298587127469
0.3017775058746338,0.027130899468691752,0.0034610271453857423,0.0006980172983625129,0.05,4,5,100,"{'learning_rate': 0.05, 'max_depth': 4, 'min_samples_split': 5, 'n_estimators': 100}",0.9295129597042835,0.9381125623907568,0.9169073686089649,0.9407096082383107,0.8956360391979372,0.9241757076280507,0.0165132278854811,19,0.9822469954948596,0.9813211932705457,0.9826533828799376,0.9807733722126698,0.9827663027581501,0.9819522493232326,0.0007783481930819095
0.43207740783691406,0.06234613652830007,0.003047323226928711,6.355285930748025e-05,0.05,4,5,150,"{'learning_rate': 0.05, 'max_depth': 4, 'min_samples_split': 5, 'n_estimators': 150}",0.928777433664561,0.939423667224004,0.9207949613975143,0.9402172800428522,0.8978303491494974,0.9254087382956857,0.015549364843596439,8,0.9874392593150698,0.9864896821703769,0.987763168798757,0.9868829150522915,0.9878877722523336,0.9872925595177658,0.000530978859903049
0.16069726943969725,0.024518361109822966,0.002492189407348633,0.00023251623258577464,0.05,4,10,50,"{'learning_rate': 0.05, 'max_depth': 4, 'min_samples_split': 10, 'n_estimators': 50}",0.9264539260217579,0.9243311849207162,0.8788788370762243,0.9309045045760475,0.8694220383680854,0.9059980981925662,0.02626074833617219,56,0.9558244431370261,0.9508580494929828,0.9561040535737632,0.950729911955343,0.9559178721774111,0.9538868660673053,0.002527259395674067
0.29711151123046875,0.033971077131756844,0.004890966415405274,0.0046022836529384815,0.05,4,10,100,"{'learning_rate': 0.05, 'max_depth': 4, 'min_samples_split': 10, 'n_estimators': 100}",0.9404690038055012,0.9396618146517266,0.9090132687503156,0.9483402140848889,0.8889384067038608,0.9252845415992587,0.022603688852228895,11,0.9812234116373492,0.9795169081647587,0.9822920313394905,0.9789063558383019,0.9825595995216726,0.9808996613003146,0.0014617918048907895
0.45803098678588866,0.05643167528746712,0.0031270503997802733,0.0002289085273279241,0.05,4,10,150,"{'learning_rate': 0.05, 'max_depth': 4, 'min_samples_split': 10, 'n_estimators': 150}",0.941715434700072,0.9398052621573363,0.9104374340033834,0.9490050669502668,0.8901341744562946,0.9262194744534706,0.02233877039401762,6,0.986493416809742,0.9850956693537467,0.9867123223867883,0.9846665216363601,0.9877208283973368,0.9861377517167946,0.001114738937203268
0.09469976425170898,0.013461005580533144,0.002621889114379883,0.0007530270164880798,0.1,2,2,50,"{'learning_rate': 0.1, 'max_depth': 2, 'min_samples_split': 2, 'n_estimators': 50}",0.9235958731975331,0.9135368170630231,0.8924469496223424,0.9357346098888673,0.8724497434841427,0.9075527986511819,0.022573499324791683,51,0.9424961733707802,0.9399692607615284,0.9437658020336479,0.9419965877949109,0.9441276814258672,0.942471101077347,0.001476855135638654
0.17766809463500977,0.017632179561557066,0.002540874481201172,0.00016882684736805342,0.1,2,2,100,"{'learning_rate': 0.1, 'max_depth': 2, 'min_samples_split': 2, 'n_estimators': 100}",0.9266055939394898,0.9365198937679061,0.912800315360661,0.9489712388819753,0.8877749273373635,0.9225343938574792,0.02104304374203885,37,0.9648318936868959,0.9622368824888448,0.9658551962041856,0.9651272423400606,0.9678321712221802,0.9651766771884335,0.0018042033677442195
0.28685503005981444,0.041449094278736026,0.006497001647949219,0.007784477553811069,0.1,2,2,150,"{'learning_rate': 0.1, 'max_depth': 2, 'min_samples_split': 2, 'n_estimators': 150}",0.9220275815696735,0.9384336421958905,0.9152068752087648,0.9501858049095497,0.8894046171928591,0.9230517042153477,0.02082104738458269,32,0.9734989872711876,0.9696143176496579,0.9722711317363902,0.9726250816759978,0.9741995048978105,0.9724418046462088,0.0015661767272243784
0.10553913116455078,0.017870693372739277,0.0026940822601318358,0.00037799084548433866,0.1,2,5,50,"{'learning_rate': 0.1, 'max_depth': 2, 'min_samples_split': 5, 'n_estimators': 50}",0.9238188434350126,0.9135368170630231,0.8924469496223424,0.9357346098888673,0.8724497434841427,0.9075973926986777,0.02260534621586804,50,0.9423964040034648,0.9399692607615284,0.9437658020336479,0.9419965877949109,0.9441276814258672,0.9424511472038839,0.0014770555646913884
0.19625244140625,0.031727856287951356,0.0027309417724609374,0.00018769455357271243,0.1,2,5,100,"{'learning_rate': 0.1, 'max_depth': 2, 'min_samples_split': 5, 'n_estimators': 100}",0.9302206311594163,0.935338841481296,0.9134736795713738,0.9489712388819753,0.8888255602820296,0.9233659902752182,0.020672992715346224,30,0.9644915842509969,0.962255032388402,0.9670244569240304,0.9651272423400606,0.9679032184554548,0.9653603068717889,0.001984314612339307
0.3166186332702637,0.0365769519270212,0.0027350902557373045,0.0008778106681260519,0.1,2,5,150,"{'learning_rate': 0.1, 'max_depth': 2, 'min_samples_split': 5, 'n_estimators': 150}",0.9238947670316997,0.9385004925937201,0.9152708249605215,0.9506281489448088,0.8904091871239367,0.9237406841309375,0.02060843836203943,23,0.9736685640087559,0.969472556901676,0.9739557901559036,0.9723937752743587,0.9744329621686564,0.9727847297018701,0.0017884378634067386
0.0897150993347168,0.0024919382721671,0.0024829864501953124,0.00038352752812627767,0.1,2,10,50,"{'learning_rate': 0.1, 'max_depth': 2, 'min_samples_split': 10, 'n_estimators': 50}",0.9238188434350126,0.9135368170630231,0.8924469496223424,0.9357346098888673,0.8727447112445711,0.9076563862507634,0.0225137431171886,49,0.9423964040034648,0.9399692607615284,0.9437658020336479,0.9419965877949109,0.943984680328537,0.9424225469844177,0.0014453603488465074
0.18511428833007812,0.022740553825208277,0.0026380538940429686,0.0004374954914774472,0.1,2,10,100,"{'learning_rate': 0.1, 'max_depth': 2, 'min_samples_split': 10, 'n_estimators': 100}",0.9301677913850646,0.9346270658177407,0.9137536991884573,0.9489712388819753,0.8893354778953029,0.9233710546337083,0.020392041886303107,29,0.9644755224285863,0.960995252388001,0.9667202273043024,0.9651272423400606,0.9678854077646484,0.9650407304451198,0.002349712147170132
0.27905569076538084,0.03159828478938583,0.0027561187744140625,7.186285604009555e-05,0.1,2,10,150,"{'learning_rate': 0.1, 'max_depth': 2, 'min_samples_split': 10, 'n_estimators': 150}",0.9242071071541891,0.9381004275425658,0.9146718316393488,0.9507582867010814,0.8904457767263396,0.9236366859527049,0.02062576784709957,25,0.9737137476650513,0.9685007865505675,0.9725364586627053,0.972264594504641,0.9742455096040997,0.972252219397413,0.0020131301116809697
0.15052881240844726,0.01694605339664785,0.0033442497253417967,0.0011141522434090865,0.1,3,2,50,"{'learning_rate': 0.1, 'max_depth': 3, 'min_samples_split': 2, 'n_estimators': 50}",0.9400578812269191,0.9327851881388256,0.9146822150694917,0.9405192108886892,0.8929573810339775,0.9242003752715806,0.018210897647018696,18,0.9700850409256844,0.9691319448850354,0.9711574366959755,0.9707148379530892,0.9726633133417126,0.9707505147602994,0.0011737359647751233
0.24697365760803222,0.0274616681980484,0.0026824951171875,0.00020746769941492772,0.1,3,2,100,"{'learning_rate': 0.1, 'max_depth': 3, 'min_samples_split': 2, 'n_estimators': 100}",0.9391509742977139,0.9312920270458117,0.919697259886279,0.9400126050707291,0.8955579760167734,0.9251421684634614,0.016492839406918418,12,0.9822875166973749,0.981675354622908,0.9830506157108204,0.9821446464320297,0.9834300456000967,0.982517635812646,0.0006353066472099955
0.4055598258972168,0.03280809153825564,0.00286712646484375,0.00039461591241231634,0.1,3,2,150,"{'learning_rate': 0.1, 'max_depth': 3, 'min_samples_split': 2, 'n_estimators': 150}",0.9376237362708667,0.9314653068208051,0.916836852762393,0.9400331068419698,0.8917536493624016,0.9235425304116873,0.017824078806952852,28,0.9873159253289949,0.9872807153712576,0.9883788577083701,0.9876076267995981,0.9880759791452596,0.987731820870696,0.00043104315973788724
0.13479838371276856,0.01916450660529307,0.002520751953125,0.00019463213636054382,0.1,3,5,50,"{'learning_rate': 0.1, 'max_depth': 3, 'min_samples_split': 5, 'n_estimators': 50}",0.9420503502252993,0.9345016195633816,0.9100610829432014,0.9410566520602864,0.8907716692734964,0.9236882748131331,0.020124403319558136,24,0.9694382919249197,0.96904212953342,0.9713605148275523,0.9704705549419268,0.9717472928572822,0.9704117568170203,0.0010498350621897226
0.2216866970062256,0.007543901611342554,0.002755880355834961,0.0001457122605116633,0.1,3,5,100,"{'learning_rate': 0.1, 'max_depth': 3, 'min_samples_split': 5, 'n_estimators': 100}",0.9411394551082749,0.9338395850621023,0.9173962712639282,0.9421519742008068,0.8901920659074363,0.9249438703085098,0.01950489019717873,13,0.9814490671251545,0.981109340892127,0.9824798203297466,0.9813349394526188,0.9825034237181656,0.9817753183035623,0.0005950394736461122
0.37943377494812014,0.04555668468666823,0.002779436111450195,6.727095868618625e-05,0.1,3,5,150,"{'learning_rate': 0.1, 'max_depth': 3, 'min_samples_split': 5, 'n_estimators': 150}",0.9403258734033926,0.9328174364979226,0.9164096597870026,0.9420301799601923,0.8899657845874597,0.924309786847194,0.01941561207903676,17,0.986586249306808,0.9869856278530378,0.9875046611325978,0.9866288730925448,0.9877327307081986,0.9870876284186373,0.0004609370514267727
0.13314876556396485,0.018122811941595027,0.0030065536499023437,0.0012072974233502008,0.1,3,10,50,"{'learning_rate': 0.1, 'max_depth': 3, 'min_samples_split': 10, 'n_estimators': 50}",0.9401233528414866,0.9404971591387665,0.9152983620887082,0.9465898334768904,0.8905253436246647,0.9266068102341034,0.020998634083279694,3,0.969334155453713,0.9674595728127491,0.9710969489426731,0.9678321225757865,0.9709256862664244,0.9693296972102692,0.0015106604302113733
0.23565449714660644,0.03279558002292715,0.002623891830444336,0.00022122122897945323,0.1,3,10,100,"{'learning_rate': 0.1, 'max_depth': 3, 'min_samples_split': 10, 'n_estimators': 100}",0.938142963536322,0.9423624676118385,0.9213565828338347,0.9486382424958473,0.892873213460268,0.9286746939876223,0.020054163173189702,2,0.9808116222704574,0.9788071480908376,0.9814724678202943,0.9810885432287448,0.9816862904150446,0.9807732143650757,0.0010284928120135068
0.41108169555664065,0.06168971128763478,0.0025786876678466795,0.0002713211140009916,0.1,3,10,150,"{'learning_rate': 0.1, 'max_depth': 3, 'min_samples_split': 10, 'n_estimators': 150}",0.9361544413871975,0.939940323636708,0.9196155426467695,0.9471736181079188,0.8884529426120634,0.9262673736781315,0.020956873705453346,5,0.9857891488566973,0.984907487534663,0.9864791976196325,0.9868531604113746,0.9866061793365404,0.9861270347517817,0.0007046018712712569
0.1564647674560547,0.02075886012177769,0.0028362274169921875,0.0004815435605735344,0.1,4,2,50,"{'learning_rate': 0.1, 'max_depth': 4, 'min_samples_split': 2, 'n_estimators': 50}",0.9328497014813874,0.9229076632904903,0.9127397657565286,0.9417831822807896,0.9049760994707303,0.9230512824559852,0.013266147364643493,33,0.9827615771403821,0.9812733851380352,0.9837806565760241,0.9807383866251749,0.9830945940464393,0.982329719905211,0.001142360284209361
0.29981689453125,0.03666269548988579,0.0029981136322021484,0.00013053359506209542,0.1,4,2,100,"{'learning_rate': 0.1, 'max_depth': 4, 'min_samples_split': 2, 'n_estimators': 100}",0.9335222242209041,0.9220881145807988,0.9156546793787497,0.9421588735453895,0.9057762429518378,0.923840026935536,0.012850638028688794,22,0.9904695360368319,0.9903755978713724,0.9907734293408588,0.9903947937148155,0.9909722785900186,0.9905971271107793,0.00023584511777515943
0.502759313583374,0.054347837809177575,0.003521299362182617,0.0012828130700319065,0.1,4,2,150,"{'learning_rate': 0.1, 'max_depth': 4, 'min_samples_split': 2, 'n_estimators': 150}",0.9339720134458004,0.9221641694783955,0.9166392138067382,0.9415345207033315,0.9004333346934345,0.92294865042554,0.01424298388385558,35,0.9950965813628613,0.9946574095587276,0.9952852748840488,0.9950686074961453,0.9949481237277625,0.9950111994059091,0.000207291549397185
0.17209763526916505,0.02954130769993899,0.0026390552520751953,0.0003093321333052375,0.1,4,5,50,"{'learning_rate': 0.1, 'max_depth': 4, 'min_samples_split': 5, 'n_estimators': 50}",0.9326697072237675,0.9356267055150281,0.9162081046362702,0.9401592638456397,0.8981139932237457,0.9245555548888902,0.015496591151080793,15,0.981972328045587,0.9803774707269659,0.9835625755886689,0.9803593411259799,0.9828138314634006,0.9818171093901205,0.0012854452742165792
0.30721249580383303,0.04002543108110302,0.002678394317626953,0.0002185187114566795,0.1,4,5,100,"{'learning_rate': 0.1, 'max_depth': 4, 'min_samples_split': 5, 'n_estimators': 100}",0.9324340019292403,0.9376518216668699,0.9178070367505253,0.9399149785169607,0.8990045415874074,0.9253624760902006,0.015261947412731545,9,0.990202185361345,0.9901174527198833,0.9910166883601121,0.9901898618858632,0.9911705128806207,0.990539340241565,0.0004560784454200934
0.46295557022094724,0.07310565579494191,0.002719402313232422,0.00030403886556065935,0.1,4,5,150,"{'learning_rate': 0.1, 'max_depth': 4, 'min_samples_split': 5, 'n_estimators': 150}",0.9341067927978259,0.9363703601198985,0.9167006142293493,0.9409695993000081,0.8984989226706181,0.9253292578235399,0.015734622438035657,10,0.9946626877189209,0.9944296622304359,0.9952683106785173,0.9948431206899281,0.9954750953460728,0.9949357753327751,0.0003849046720819073
0.17795686721801757,0.02826389632116531,0.002359914779663086,0.00037934274764797935,0.1,4,10,50,"{'learning_rate': 0.1, 'max_depth': 4, 'min_samples_split': 10, 'n_estimators': 50}",0.9400588771790734,0.9361761312993038,0.9021306557359523,0.9457523876873594,0.8936443035547693,0.9235524710912916,0.021345009694846297,27,0.9814999539915784,0.979445742210536,0.9827487951318911,0.9792545904792357,0.9821586029444621,0.9810215369515406,0.001422002226426746
0.29659419059753417,0.02929250175415124,0.0028131961822509765,0.0002632664804606519,0.1,4,10,100,"{'learning_rate': 0.1, 'max_depth': 4, 'min_samples_split': 10, 'n_estimators': 100}",0.9395696919468088,0.9353853768440339,0.9014377662017881,0.9461646824091269,0.8920592309052211,0.9229233496613958,0.02184850797683779,36,0.9894895522027635,0.9884846251210085,0.9900968705189843,0.9899184826520473,0.9902740063737357,0.9896527073737079,0.0006395256999544179
0.38988051414489744,0.02213342486847978,0.0021688461303710936,0.0006307605353228456,0.1,4,10,150,"{'learning_rate': 0.1, 'max_depth': 4, 'min_samples_split': 10, 'n_estimators': 150}",0.9395549223196733,0.9335688878780314,0.9003766372077341,0.9454413510131134,0.8900980891807591,0.9218079775198623,0.022255915038050363,39,0.9936371265525614,0.9937173582126101,0.9943996197493361,0.9943705756421,0.9943686484657265,0.9940986657244668,0.00034519931482314805
